City_ID,City,Country,Date,Lat,Lng,Max Temp,Humidity,Cloudiness,Wind Speed
0,Chatra,IN,2021-07-27 00:47:50,24.2167,84.8667,78.78,88,100,4.63
1,Korla,CN,2021-07-27 00:47:51,41.7597,86.1469,86.52,22,0,10.54
2,Geraldton,AU,2021-07-27 00:47:51,-28.7667,114.6,64.81,63,40,24.16
3,Nanortalik,GL,2021-07-27 00:46:00,60.1432,-45.2371,47.62,82,48,10.85
4,Ushuaia,AR,2021-07-27 00:44:18,-54.8,-68.3,33.46,93,90,6.91
5,Baft,IR,2021-07-27 00:47:52,29.234,56.6057,70.41,24,88,9.08
6,Bethel,US,2021-07-27 00:47:52,41.3712,-73.414,79.75,80,75,4.61
7,Nome,US,2021-07-27 00:47:53,64.5011,-165.4064,50.07,87,90,10.36
8,Ancud,CL,2021-07-27 00:43:11,-41.8697,-73.8203,42.33,79,14,6.08
9,Sinnamary,GF,2021-07-27 00:47:53,5.3833,-52.95,78.17,85,70,6.69
10,Qaanaaq,GL,2021-07-27 00:43:12,77.484,-69.3632,42.42,82,100,8.59
11,Castro,BR,2021-07-27 00:47:54,-24.7911,-50.0119,58.68,60,84,4.74
12,Tura,IN,2021-07-27 00:47:55,25.5198,90.2201,77.47,93,100,3.62
13,Vilyuysk,RU,2021-07-27 00:47:55,63.7553,121.6247,75.94,48,7,8.25
14,Arraial Do Cabo,BR,2021-07-27 00:43:08,-22.9661,-42.0278,70.11,83,0,26.11
15,Nemuro,JP,2021-07-27 00:47:57,43.3236,145.575,70.23,99,100,13.58
16,Rikitea,PF,2021-07-27 00:47:57,-23.1203,-134.9692,74.68,79,95,17.6
17,Tacuarembo,UY,2021-07-27 00:47:57,-31.7333,-55.9833,47.52,82,0,12.44
18,Cabo San Lucas,MX,2021-07-27 00:47:19,22.8909,-109.9124,96.51,69,3,11.07
19,Yar-Sale,RU,2021-07-27 00:47:58,66.8333,70.8333,50.61,68,53,8.75
20,Albany,US,2021-07-27 00:44:16,42.6001,-73.9662,75.78,80,0,5.82
21,Dutse,NG,2021-07-27 00:47:59,11.7594,9.3392,71.76,93,100,9.31
22,Carnarvon,AU,2021-07-27 00:47:59,-24.8667,113.6333,68.07,67,40,13.8
23,Valparaiso,CL,2021-07-27 00:46:21,-33.0393,-71.6273,56.84,76,0,10.36
24,Vaini,TO,2021-07-27 00:48:00,-21.2,-175.2,78.96,83,75,10.36
25,Butaritari,KI,2021-07-27 00:43:04,3.0707,172.7902,82.53,75,30,7.36
26,Hearst,CA,2021-07-27 00:48:01,49.6835,-83.6665,68.25,90,100,4.18
27,Makakilo City,US,2021-07-27 00:48:02,21.3469,-158.0858,86.32,54,40,13.8
28,Mar Del Plata,AR,2021-07-27 00:43:05,-38.0023,-57.5575,41.13,70,0,3.0
29,Achalpur,IN,2021-07-27 00:48:04,21.2572,77.5086,75.11,85,100,11.3
30,Hobart,AU,2021-07-27 00:48:04,-42.8794,147.3294,57.11,76,75,3.0
31,Busselton,AU,2021-07-27 00:48:08,-33.65,115.3333,51.08,53,100,26.55
32,Hermanus,ZA,2021-07-27 00:48:08,-34.4187,19.2345,57.9,61,5,7.45
33,Kapaa,US,2021-07-27 00:43:26,22.0752,-159.319,88.12,74,1,1.99
34,Boa Vista,BR,2021-07-27 00:48:08,2.8197,-60.6733,78.78,83,75,4.61
35,Port Keats,AU,2021-07-27 00:44:40,-14.25,129.55,83.19,57,33,2.75
36,Qasigiannguit,GL,2021-07-27 00:48:10,68.8193,-51.1922,53.85,85,100,10.96
37,Black River,JM,2021-07-27 00:48:11,18.0264,-77.8487,80.6,80,99,7.0
38,Chanute,US,2021-07-27 00:48:11,37.6792,-95.4572,89.71,55,1,3.44
39,Flinders,AU,2021-07-27 00:48:12,-34.5833,150.8552,67.37,54,4,8.01
40,Port-Gentil,GA,2021-07-27 00:48:12,-0.7193,8.7815,74.46,82,73,12.62
41,Mataura,NZ,2021-07-27 00:48:12,-46.1927,168.8643,51.48,78,22,4.47
42,Kungurtug,RU,2021-07-27 00:48:13,50.5994,97.5228,59.76,87,98,2.04
43,Sivaki,RU,2021-07-27 00:48:14,52.6333,126.75,75.67,62,92,5.95
44,Naze,JP,2021-07-27 00:48:14,28.3667,129.4833,83.32,84,100,14.03
45,Haines Junction,CA,2021-07-27 00:48:16,60.7522,-137.5108,57.15,82,100,3.44
46,Tiksi,RU,2021-07-27 00:48:16,71.6872,128.8694,39.02,88,71,10.29
47,Omsukchan,RU,2021-07-27 00:48:16,62.5333,155.8,50.99,82,100,5.97
48,Deputatskiy,RU,2021-07-27 00:48:17,69.3,139.9,45.63,71,100,3.49
49,Atuona,PF,2021-07-27 00:48:17,-9.8,-139.0333,77.97,70,38,22.55
50,Caravelas,BR,2021-07-27 00:48:19,-17.7125,-39.2481,68.32,90,8,5.7
51,Sao Filipe,CV,2021-07-27 00:48:19,14.8961,-24.4956,74.95,84,32,9.37
52,Atbasar,KZ,2021-07-27 00:48:19,51.8,68.3333,54.88,59,7,4.81
53,Port Lincoln,AU,2021-07-27 00:45:03,-34.7333,135.8667,62.62,45,96,28.25
54,Victoria,HK,2021-07-27 00:47:16,22.2855,114.1577,91.96,82,97,7.0
55,Bundaberg,AU,2021-07-27 00:48:20,-24.85,152.35,68.29,56,0,4.61
56,Litovko,RU,2021-07-27 00:48:21,49.2361,135.1742,89.71,48,98,1.01
57,Chokurdakh,RU,2021-07-27 00:44:32,70.6333,147.9167,43.14,69,100,12.37
58,Ponta Do Sol,PT,2021-07-27 00:48:21,32.6667,-17.1,72.72,77,3,6.38
59,Hovd,MN,2021-07-27 00:48:22,48.0056,91.6419,67.84,51,11,1.88
60,Yumen,CN,2021-07-27 00:46:14,40.2833,97.2,80.91,17,13,18.01
61,Dingle,PH,2021-07-27 00:48:22,10.9995,122.6711,85.84,71,62,16.2
62,Jamestown,US,2021-07-27 00:48:23,42.097,-79.2353,78.12,53,1,5.75
63,Port Alfred,ZA,2021-07-27 00:48:23,-33.5906,26.891,60.49,32,35,9.48
64,East London,ZA,2021-07-27 00:48:23,-33.0153,27.9116,63.55,27,5,12.64
65,Cape Town,ZA,2021-07-27 00:45:40,-33.9258,18.4232,58.12,64,0,3.0
66,Cherskiy,RU,2021-07-27 00:48:24,68.75,161.3,54.03,47,10,20.29
67,Airai,TL,2021-07-27 00:48:24,-8.9266,125.4092,72.52,28,88,3.98
68,Sola,VU,2021-07-27 00:48:25,-13.8833,167.55,84.87,74,75,4.61
69,Hobyo,SO,2021-07-27 00:43:29,5.3505,48.5268,76.66,70,90,22.08
70,Ribeira Grande,PT,2021-07-27 00:43:48,38.5167,-28.7,70.83,89,94,9.98
71,Saldanha,ZA,2021-07-27 00:44:31,-33.0117,17.9442,55.45,86,0,9.73
72,Bluff,NZ,2021-07-27 00:48:26,-46.6,168.3333,51.8,70,14,20.56
73,Roswell,US,2021-07-27 00:48:26,34.0232,-84.3616,85.12,77,75,4.61
74,Rosetta,EG,2021-07-27 00:48:27,31.4044,30.4164,76.82,69,0,5.03
75,Viransehir,TR,2021-07-27 00:48:27,37.2353,39.7631,85.3,27,0,7.58
76,Narsaq,GL,2021-07-27 00:48:27,60.9167,-46.05,52.02,73,61,1.39
77,Barrow,US,2021-07-27 00:48:28,71.2906,-156.7887,46.42,93,90,6.91
78,Lasa,IT,2021-07-27 00:48:28,46.6166,10.7002,63.48,93,100,3.02
79,Hithadhoo,MV,2021-07-27 00:48:28,-0.6,73.0833,80.28,76,100,5.28
80,Aripuana,BR,2021-07-27 00:48:29,-9.1667,-60.6333,77.94,47,4,1.12
81,Turbat,PK,2021-07-27 00:48:29,26.0023,63.044,82.62,79,97,8.9
82,Georgetown,MY,2021-07-27 00:45:38,5.4112,100.3354,84.13,85,20,1.01
83,Te Anau,NZ,2021-07-27 00:48:30,-45.4167,167.7167,47.8,78,69,5.53
84,Zyryanka,RU,2021-07-27 00:48:30,65.75,150.85,57.24,44,94,16.96
85,San Jose,US,2021-07-27 00:48:28,37.3394,-121.895,91.31,35,75,5.01
86,Dikson,RU,2021-07-27 00:48:31,73.5069,80.5464,38.62,99,100,5.59
87,Yashalta,RU,2021-07-27 00:48:31,46.3395,42.2762,75.56,40,88,9.1
88,Nikolskoye,RU,2021-07-27 00:48:32,59.7035,30.7861,61.02,72,5,4.12
89,Isla Mujeres,MX,2021-07-27 00:48:32,21.2311,-86.731,84.16,75,0,10.69
90,Coquimbo,CL,2021-07-27 00:45:54,-29.9533,-71.3436,53.33,87,0,3.44
91,Provideniya,RU,2021-07-27 00:48:32,64.3833,-173.3,50.11,81,90,8.95
92,Leningradskiy,RU,2021-07-27 00:48:33,69.3833,178.4167,41.43,81,71,8.57
93,Chuy,UY,2021-07-27 00:48:33,-33.6971,-53.4616,47.23,81,0,9.24
94,Pevek,RU,2021-07-27 00:48:34,69.7008,170.3133,35.49,91,99,17.58
95,Puerto Ayora,EC,2021-07-27 00:48:34,-0.7393,-90.3518,71.55,86,25,5.01
96,Nouakchott,MR,2021-07-27 00:48:34,18.0858,-15.9785,74.62,83,8,17.07
97,Gat,IL,2021-07-27 00:48:36,31.61,34.7642,78.4,84,0,4.61
98,Strezhevoy,RU,2021-07-27 00:48:36,60.7333,77.5889,55.38,74,38,11.79
99,Davila,PH,2021-07-27 00:48:37,18.4726,120.5763,84.18,87,100,24.9
100,Faya,SA,2021-07-27 00:48:37,18.3851,42.4509,66.31,73,86,4.54
101,Hofn,IS,2021-07-27 00:48:38,64.2539,-15.2082,52.38,84,100,4.97
102,Bredasdorp,ZA,2021-07-27 00:48:39,-34.5322,20.0403,52.18,58,11,5.14
103,Tombouctou,ML,2021-07-27 00:48:39,20.0,-3.0,94.86,23,0,8.03
104,Havoysund,NO,2021-07-27 00:48:40,70.9963,24.6622,50.88,79,69,7.34
105,Katsuura,JP,2021-07-27 00:48:41,35.1333,140.3,78.19,91,100,20.07
106,Mersing,MY,2021-07-27 00:48:41,2.4312,103.8405,76.91,94,40,4.61
107,Lagoa,PT,2021-07-27 00:48:41,39.05,-27.9833,70.48,89,100,10.49
108,Dhidhdhoo,MV,2021-07-27 00:48:42,6.8833,73.1,82.08,75,100,16.6
109,Vitre,FR,2021-07-27 00:48:42,48.1178,-1.2058,61.68,93,100,6.29
110,Punta Arenas,CL,2021-07-27 00:48:43,-53.15,-70.9167,42.91,75,0,12.66
111,Saskylakh,RU,2021-07-27 00:48:43,71.9167,114.0833,56.98,65,100,8.37
112,Salalah,OM,2021-07-27 00:48:43,17.0151,54.0924,78.89,89,75,5.75
113,Padang,ID,2021-07-27 00:48:44,-0.9492,100.3543,78.85,83,7,2.44
114,Tucumcari,US,2021-07-27 00:48:44,35.1717,-103.725,80.44,50,40,28.77
115,Puerto Del Rosario,ES,2021-07-27 00:48:46,28.5004,-13.8627,73.15,78,4,16.11
116,Cortez,US,2021-07-27 00:48:46,37.3489,-108.5859,79.56,64,75,14.97
117,Honningsvag,NO,2021-07-27 00:48:47,70.9821,25.9704,49.26,79,35,5.73
118,Yellowknife,CA,2021-07-27 00:48:47,62.456,-114.3525,68.52,52,40,7.0
119,Hamilton,US,2021-07-27 00:45:04,39.1834,-84.5333,83.64,63,1,5.75
120,Shubarkuduk,KZ,2021-07-27 00:48:48,49.1447,56.4872,61.84,40,0,8.84
121,Newport,GB,2021-07-27 00:48:48,51.5877,-2.9984,66.07,86,100,6.11
122,Kodiak,US,2021-07-27 00:48:48,57.79,-152.4072,62.11,63,90,5.75
123,Cidreira,BR,2021-07-27 00:48:50,-30.1811,-50.2056,62.13,98,100,10.87
124,Khatanga,RU,2021-07-27 00:48:50,71.9667,102.5,67.35,57,100,18.77
125,Tuktoyaktuk,CA,2021-07-27 00:48:50,69.4541,-133.0374,51.8,66,75,0.0
126,Martapura,ID,2021-07-27 00:48:51,-3.4167,114.85,80.69,78,11,3.44
127,Panama City,PA,2021-07-27 00:46:34,8.9936,-79.5197,81.05,86,40,2.3
128,Klaksvik,FO,2021-07-27 00:48:51,62.2266,-6.589,50.92,99,100,4.32
129,Lint,BE,2021-07-27 00:48:52,51.1278,4.4983,63.99,94,24,4.61
130,Amga,RU,2021-07-27 00:48:52,60.8953,131.9608,82.67,46,7,10.25
131,Naryan-Mar,RU,2021-07-27 00:48:53,67.6713,53.087,44.47,92,100,8.34
132,Conde,BR,2021-07-27 00:48:53,-7.2597,-34.9075,74.66,88,40,3.44
133,Norrtalje,SE,2021-07-27 00:48:54,59.758,18.705,68.85,86,100,5.37
134,Managua,NI,2021-07-27 00:48:54,12.1328,-86.2504,85.44,70,40,7.4
135,Fontainebleau,FR,2021-07-27 00:48:55,48.4044,2.6903,65.66,86,100,5.53
136,Pasni,PK,2021-07-27 00:44:06,25.2631,63.471,81.54,86,100,6.04
137,Faanui,PF,2021-07-27 00:48:55,-16.4833,-151.75,78.91,74,63,9.64
138,Verkhnyaya Tishanka,RU,2021-07-27 00:48:56,51.3239,40.5328,62.58,51,0,4.07
139,Rawson,AR,2021-07-27 00:48:56,-43.3002,-65.1023,40.37,76,62,28.1
140,College,US,2021-07-27 00:48:57,64.8569,-147.8028,72.0,47,75,12.66
141,Kloulklubed,PW,2021-07-27 00:48:57,7.0419,134.2556,84.7,79,100,17.52
142,Fortuna,US,2021-07-27 00:44:23,40.5982,-124.1573,87.19,85,20,14.97
143,Wanning,CN,2021-07-27 00:48:58,18.8003,110.3967,86.34,70,18,7.76
144,Sabha,LY,2021-07-27 00:48:58,27.0377,14.4283,82.53,25,2,14.52
145,Lebu,CL,2021-07-27 00:48:59,-37.6167,-73.65,46.0,76,60,16.2
146,Itarema,BR,2021-07-27 00:48:59,-2.9248,-39.9167,78.55,81,4,16.53
147,Avarua,CK,2021-07-27 00:49:00,-21.2078,-159.775,78.85,73,20,9.22
148,Saint-Philippe,RE,2021-07-27 00:49:00,-21.3585,55.7679,63.99,83,67,11.18
149,Sitka,US,2021-07-27 00:46:12,57.0531,-135.33,62.49,67,40,4.61
150,Fairbanks,US,2021-07-27 00:44:47,64.8378,-147.7164,72.01,46,20,3.0
151,Svetlaya,RU,2021-07-27 00:49:01,46.5389,138.3297,75.79,78,98,5.79
152,Aklavik,CA,2021-07-27 00:49:01,68.2191,-135.0107,63.32,84,100,3.91
153,Mitsamiouli,KM,2021-07-27 00:49:01,-11.3847,43.2844,75.34,67,17,7.09
154,Escanaba,US,2021-07-27 00:49:02,45.7453,-87.0646,80.2,79,1,10.36
155,Torbay,CA,2021-07-27 00:49:02,47.6666,-52.7314,59.77,87,90,11.5
156,Salina Cruz,MX,2021-07-27 00:49:03,16.1667,-95.2,84.13,72,97,11.54
157,San Patricio,US,2021-07-27 00:49:03,28.017,-97.5169,90.32,57,5,10.07
158,Hun,LY,2021-07-27 00:49:03,29.1268,15.9477,76.15,47,0,10.71
159,Kaeo,NZ,2021-07-27 00:49:04,-35.1,173.7833,62.33,69,1,13.47
160,Lavrentiya,RU,2021-07-27 00:49:04,65.5833,-171.0,45.0,98,100,3.76
161,Sobolevo,RU,2021-07-27 00:49:05,54.4299,31.8996,62.02,80,11,6.11
162,Sayyan,YE,2021-07-27 00:49:05,15.1718,44.3244,62.78,66,99,2.3
163,Namibe,AO,2021-07-27 00:49:06,-15.1961,12.1522,64.72,83,0,1.77
164,Mezen,RU,2021-07-27 00:49:06,65.8522,44.24,46.54,82,100,13.18
165,Sao Pedro Do Sul,BR,2021-07-27 00:49:06,-29.6206,-54.1789,63.25,95,100,11.07
166,Iqaluit,CA,2021-07-27 00:46:43,63.7506,-68.5145,51.53,81,75,1.99
167,Samarai,PG,2021-07-27 00:49:07,-10.6167,150.6667,78.93,87,100,16.35
168,Tamiahua,MX,2021-07-27 00:49:07,21.2667,-97.45,80.65,78,0,7.72
169,Bonavista,CA,2021-07-27 00:49:08,48.6499,-53.1147,59.0,90,0,13.09
170,Aguimes,ES,2021-07-27 00:49:08,27.9054,-15.4461,68.67,83,75,19.57
171,Hilo,US,2021-07-27 00:44:29,19.7297,-155.09,78.53,89,90,9.22
172,Norman Wells,CA,2021-07-27 00:49:09,65.282,-126.8329,64.44,55,90,10.36
173,Pallasovka,RU,2021-07-27 00:49:09,50.05,46.8833,64.51,48,0,8.1
174,New Norfolk,AU,2021-07-27 00:49:10,-42.7826,147.0587,56.75,81,99,5.26
175,Betera,ES,2021-07-27 00:49:10,39.5833,-0.45,72.88,83,0,1.99
176,Kununurra,AU,2021-07-27 00:49:10,-15.7667,128.7333,78.78,61,75,4.61
177,Atambua,ID,2021-07-27 00:49:11,-9.1061,124.8925,80.85,48,50,0.67
178,Goderich,CA,2021-07-27 00:48:46,43.7501,-81.7165,75.52,69,0,2.3
179,Thompson,CA,2021-07-27 00:44:42,55.7435,-97.8558,69.96,37,40,8.05
180,Pemangkat,ID,2021-07-27 00:49:11,1.1667,108.9667,81.68,83,100,6.02
181,Aquiraz,BR,2021-07-27 00:49:12,-3.9014,-38.3911,80.69,84,2,11.23
182,Sistranda,NO,2021-07-27 00:49:12,63.7256,8.834,69.76,81,7,5.77
183,Guerrero Negro,MX,2021-07-27 00:46:15,27.9769,-114.0611,72.61,67,0,17.07
184,Yerbogachen,RU,2021-07-27 00:49:13,61.2767,108.0108,79.03,49,3,7.18
185,Neiafu,TO,2021-07-27 00:49:13,-18.65,-173.9833,81.28,74,75,2.3
186,Nouadhibou,MR,2021-07-27 00:44:31,20.931,-17.0347,70.39,84,6,24.74
187,Touros,BR,2021-07-27 00:49:14,-5.1989,-35.4608,74.3,86,15,9.57
188,Dwarka,IN,2021-07-27 00:49:14,22.2394,68.9678,82.31,84,100,24.07
189,Hasaki,JP,2021-07-27 00:49:14,35.7333,140.8333,75.49,80,64,15.57
190,Alyangula,AU,2021-07-27 00:49:15,-13.8483,136.4192,75.07,83,90,3.44
191,Shetpe,KZ,2021-07-27 00:49:15,44.1667,52.1167,73.94,35,88,19.93
192,Upernavik,GL,2021-07-27 00:49:16,72.7868,-56.1549,43.75,95,100,5.19
193,Winsum,NL,2021-07-27 00:49:16,53.33,6.5208,64.98,46,87,7.38
194,Lorengau,PG,2021-07-27 00:49:16,-2.0226,147.2712,83.25,75,96,3.04
195,Ipswich,GB,2021-07-27 00:48:31,52.0592,1.1555,64.13,93,75,6.91
196,Kahului,US,2021-07-27 00:49:17,20.8947,-156.47,85.26,77,40,29.93
197,Naumburg,DE,2021-07-27 00:49:17,51.15,11.8167,66.52,79,100,4.0
198,Talnakh,RU,2021-07-27 00:49:18,69.4865,88.3972,75.83,58,100,8.93
199,Garwa,IN,2021-07-27 00:49:18,24.1833,83.8167,79.02,86,100,7.31
200,Tessalit,ML,2021-07-27 00:49:18,20.1986,1.0114,91.02,31,100,8.97
201,Sibolga,ID,2021-07-27 00:49:19,1.7427,98.7792,79.74,79,100,1.74
202,Saint George,US,2021-07-27 00:47:43,37.1041,-113.5841,83.53,78,1,4.61
203,Magadan,RU,2021-07-27 00:49:19,59.5667,150.8,60.04,77,82,0.6
204,Tazovskiy,RU,2021-07-27 00:49:20,67.4667,78.7,44.92,98,100,18.39
205,San Cristobal,VE,2021-07-27 00:49:20,7.7669,-72.225,73.58,96,99,2.48
206,Kachug,RU,2021-07-27 00:49:21,53.9606,105.8817,70.32,52,10,3.0
207,Pryazha,RU,2021-07-27 00:49:21,61.6926,33.6216,54.63,93,74,1.1
208,Poselki,RU,2021-07-27 00:49:22,53.1324,46.5031,58.84,69,49,4.9
209,Bukama,CD,2021-07-27 00:49:22,-9.2,25.85,63.41,39,100,1.3
210,Bilibino,RU,2021-07-27 00:49:22,68.0546,166.4372,56.44,45,34,16.53
211,Den Chai,TH,2021-07-27 00:49:23,17.9837,100.0522,76.19,95,68,2.73
212,Mahebourg,MU,2021-07-27 00:49:23,-20.4081,57.7,68.29,94,40,11.5
213,Saint Anthony,US,2021-07-27 00:45:04,45.0205,-93.218,88.25,61,1,4.0
214,Portel,BR,2021-07-27 00:49:24,-1.9356,-50.8211,79.75,63,85,2.8
215,Cravo Norte,CO,2021-07-27 00:49:24,6.3017,-70.2041,75.31,91,100,3.67
216,Kushima,JP,2021-07-27 00:49:25,31.4583,131.2333,84.24,62,0,2.91
217,Gospic,HR,2021-07-27 00:49:25,44.5461,15.3747,65.89,52,29,1.41
218,Port Elizabeth,ZA,2021-07-27 00:49:26,-33.918,25.5701,70.11,26,0,8.05
219,Bambous Virieux,MU,2021-07-27 00:49:26,-20.3428,57.7575,68.25,94,40,11.5
220,Hvolsvollur,IS,2021-07-27 00:49:26,63.7533,-20.2243,46.81,86,100,4.83
221,Businga,CD,2021-07-27 00:49:27,3.3333,20.8833,70.34,99,100,3.94
222,Mehamn,NO,2021-07-27 00:49:27,71.0357,27.8492,46.8,86,44,5.91
223,Tasiilaq,GL,2021-07-27 00:49:28,65.6145,-37.6368,46.56,88,26,4.12
224,Lompoc,US,2021-07-27 00:49:28,34.6391,-120.4579,75.34,74,75,6.91
225,Tabuk,PH,2021-07-27 00:49:28,17.4189,121.4443,83.3,73,92,2.53
226,Phan Thiet,VN,2021-07-27 00:49:29,10.9333,108.1,83.03,73,3,15.01
227,Maniitsoq,GL,2021-07-27 00:49:29,65.4167,-52.9,51.96,78,100,15.17
228,Bengkulu,ID,2021-07-27 00:49:29,-3.8004,102.2655,77.5,68,30,4.56
229,Tocopilla,CL,2021-07-27 00:49:30,-22.092,-70.1979,59.95,76,10,10.18
230,Beringovskiy,RU,2021-07-27 00:49:30,63.05,179.3167,52.3,94,100,9.01
231,Terney,RU,2021-07-27 00:49:31,45.0503,136.6092,79.16,74,94,3.47
232,Ostrovnoy,RU,2021-07-27 00:49:31,68.0531,39.5131,46.09,87,100,21.7
233,Ekhabi,RU,2021-07-27 00:49:32,53.5102,142.9671,72.12,76,87,7.09
234,Souillac,MU,2021-07-27 00:49:32,-20.5167,57.5167,68.38,94,40,11.5
235,Kavieng,PG,2021-07-27 00:49:32,-2.5744,150.7967,84.29,65,57,5.23
236,Esperance,AU,2021-07-27 00:49:33,-33.8667,121.9,55.24,68,88,36.64
237,Bady Bassitt,BR,2021-07-27 00:49:33,-20.9181,-49.4453,71.8,35,0,0.0
238,Bandarbeyla,SO,2021-07-27 00:49:33,9.4942,50.8122,76.95,74,35,24.9
239,Grindavik,IS,2021-07-27 00:49:34,63.8424,-22.4338,49.95,93,90,10.36
240,Nizhniy Odes,RU,2021-07-27 00:49:34,63.6445,54.856,43.83,95,100,7.94
241,Marawi,PH,2021-07-27 00:49:35,7.9986,124.2928,79.65,65,96,8.08
242,Alofi,NU,2021-07-27 00:49:35,-19.0595,-169.9187,80.49,69,40,5.75
243,Derzhavinsk,KZ,2021-07-27 00:49:35,51.1,66.3167,56.57,58,0,4.7
244,Haradok,BY,2021-07-27 00:49:36,55.4624,29.9816,62.31,75,1,6.33
245,Tutoia,BR,2021-07-27 00:49:36,-2.7619,-42.2744,79.41,82,15,10.78
246,Vao,NC,2021-07-27 00:49:36,-22.6667,167.4833,68.32,60,33,16.93
247,Lubao,PH,2021-07-27 00:49:37,14.9167,120.55,83.14,76,86,17.74
248,Nuevo Casas Grandes,MX,2021-07-27 00:49:37,30.4167,-107.9167,71.74,67,100,8.01
249,Serebryansk,KZ,2021-07-27 00:49:38,49.6925,83.2892,62.15,93,92,5.82
250,Sokoto,NG,2021-07-27 00:49:38,13.0609,5.239,75.42,87,100,13.53
251,Coahuayana,MX,2021-07-27 00:49:38,18.7333,-103.6833,80.08,81,54,2.55
252,Dong Xoai,VN,2021-07-27 00:49:39,11.5333,106.9167,79.12,88,21,6.58
253,Wenatchee,US,2021-07-27 00:45:04,47.4235,-120.3103,102.09,19,1,1.99
254,Kashi,CN,2021-07-27 00:49:39,39.4547,75.9797,85.21,24,0,8.95
255,Nivala,FI,2021-07-27 00:49:40,63.9167,24.9667,58.68,88,0,1.39
256,Prince Rupert,CA,2021-07-27 00:49:40,54.3161,-130.3201,56.89,91,90,3.44
257,Klodzko,PL,2021-07-27 00:49:40,50.4349,16.6614,66.6,93,38,4.63
258,Altay,CN,2021-07-27 00:49:12,47.8667,88.1167,76.14,36,0,0.83
259,Saint-Pierre,RE,2021-07-27 00:49:41,-21.3393,55.4781,64.08,88,90,5.75
260,Chicama,PE,2021-07-27 00:49:41,-7.8447,-79.1469,64.94,85,58,8.23
261,Izumo,JP,2021-07-27 00:49:42,35.3667,132.7667,82.35,74,20,2.3
262,Ossora,RU,2021-07-27 00:49:42,59.2353,163.0719,67.87,67,100,24.32
263,Rio Gallegos,AR,2021-07-27 00:46:17,-51.6226,-69.2181,37.45,93,75,3.44
264,Salinopolis,BR,2021-07-27 00:49:43,-0.6136,-47.3561,77.99,84,8,9.53
265,Moroni,KM,2021-07-27 00:49:43,-11.7022,43.2551,73.69,76,9,11.39
266,Yurga,RU,2021-07-27 00:49:44,55.7231,84.8861,55.58,88,97,10.29
267,Dimitrovgrad,RU,2021-07-27 00:49:44,54.2139,49.6184,62.65,74,10,5.7
268,Pathein,MM,2021-07-27 00:49:44,16.7833,94.7333,78.42,92,100,9.91
269,Saint-Louis,SN,2021-07-27 00:49:45,16.3333,-15.0,82.04,70,8,15.48
270,Calama,CL,2021-07-27 00:49:45,-22.4667,-68.9333,50.49,18,0,4.61
271,Namatanai,PG,2021-07-27 00:49:46,-3.6667,152.4333,84.87,65,17,4.21
272,Calmar,CA,2021-07-27 00:49:46,53.2668,-113.8187,80.55,59,20,8.05
273,Uchiza,PE,2021-07-27 00:49:46,-8.4592,-76.4633,72.7,88,95,2.42
274,Daoukro,CI,2021-07-27 00:49:47,7.0591,-3.9631,69.17,98,84,4.18
275,Lamu,KE,2021-07-27 00:49:47,-2.2717,40.902,75.42,81,65,19.39
276,Bang Rakam,TH,2021-07-27 00:49:48,16.7585,100.1174,81.05,100,20,4.61
277,Sabang,ID,2021-07-27 00:49:48,5.8933,95.3214,83.41,76,100,18.88
278,Orthez,FR,2021-07-27 00:49:48,43.4884,-0.7724,63.09,96,100,2.17
279,Ararangua,BR,2021-07-27 00:49:49,-28.9347,-49.4858,66.87,93,100,4.07
280,Callaway,US,2021-07-27 00:49:49,30.153,-85.5699,87.85,71,1,1.99
281,Qianan,CN,2021-07-27 00:49:50,44.9932,124.0581,80.4,74,45,12.71
282,Salisbury,GB,2021-07-27 00:49:50,51.0693,-1.7957,65.64,89,90,4.61
283,Veliki Preslav,BG,2021-07-27 00:49:50,43.1667,26.8167,64.87,60,0,1.88
284,Mackay,AU,2021-07-27 00:49:51,-21.15,149.2,74.68,68,5,9.22
285,Maragogi,BR,2021-07-27 00:49:51,-9.0122,-35.2225,73.45,90,47,8.1
286,Kirkwall,GB,2021-07-27 00:49:51,58.9848,-2.9587,57.54,94,90,8.05
287,Luderitz,NA,2021-07-27 00:49:52,-26.6481,15.1594,59.79,66,0,4.74
288,Broome,US,2021-07-27 00:49:52,42.2506,-75.833,75.78,69,42,1.01
289,Pangai,TO,2021-07-27 00:49:53,-19.8,-174.35,80.71,69,75,2.3
290,Arani,IN,2021-07-27 00:49:53,12.6667,79.2833,79.92,66,98,8.3
291,Northam,GB,2021-07-27 00:45:00,51.0333,-4.2167,65.01,95,100,11.07
292,Kamloops,CA,2021-07-27 00:49:54,50.6665,-120.3192,92.82,30,40,1.01
293,Klyavlino,RU,2021-07-27 00:49:54,54.2649,52.0267,53.71,70,16,3.31
294,Wanaka,NZ,2021-07-27 00:45:07,-44.7,169.15,46.11,99,18,1.01
295,Willowmore,ZA,2021-07-27 00:49:55,-33.2926,23.4895,49.78,43,44,6.91
296,Valenca Do Piaui,BR,2021-07-27 00:49:55,-6.4075,-41.7456,79.09,48,74,8.7
297,Cururupu,BR,2021-07-27 00:49:56,-1.8283,-44.8683,73.4,92,67,2.06
298,Salta,AR,2021-07-27 00:49:14,-24.7859,-65.4117,55.69,61,90,1.99
299,Bahar,IR,2021-07-27 00:49:56,34.9072,48.4414,74.28,21,0,4.12
300,Kirakira,SB,2021-07-27 00:49:56,-10.4544,161.9205,84.65,70,23,9.08
301,Tuatapere,NZ,2021-07-27 00:49:57,-46.1333,167.6833,51.82,69,21,5.91
302,Hirara,JP,2021-07-27 00:49:57,24.8,125.2833,86.27,84,40,3.44
303,Genhe,CN,2021-07-27 00:49:58,50.7833,121.5167,60.28,96,100,2.8
304,Mount Pleasant,US,2021-07-27 00:45:03,32.7941,-79.8626,84.0,87,1,4.0
305,Kargil,IN,2021-07-27 00:49:58,34.5667,76.1,65.39,56,8,4.94
306,Porto Novo,BJ,2021-07-27 00:49:59,6.4965,2.6036,78.62,77,100,10.18
307,Monaghan,IE,2021-07-27 00:49:59,54.25,-6.9667,61.39,99,100,1.45
308,Ronneby,SE,2021-07-27 00:50:00,56.21,15.276,66.7,100,90,5.75
309,San Quintin,MX,2021-07-27 00:50:00,30.4833,-115.95,70.79,74,0,10.42
310,Ostersund,SE,2021-07-27 00:50:00,63.1792,14.6357,64.85,63,100,8.05
311,Tonantins,BR,2021-07-27 00:50:01,-2.8731,-67.8022,75.27,92,71,2.82
312,Olafsvik,IS,2021-07-27 00:50:01,64.8945,-23.7142,49.93,86,100,11.5
313,Mayo,US,2021-07-27 00:50:02,38.8876,-76.5119,82.98,81,38,3.83
314,Mecca,SA,2021-07-27 00:50:02,21.4267,39.8261,86.7,37,100,4.09
315,Celestun,MX,2021-07-27 00:50:04,20.8667,-90.4,82.9,75,0,7.83
316,Christchurch,NZ,2021-07-27 00:50:05,-43.5333,172.6333,54.0,73,90,4.0
317,Kintampo,GH,2021-07-27 00:50:05,8.0563,-1.7306,69.84,93,31,6.53
318,Quelimane,MZ,2021-07-27 00:50:05,-17.8786,36.8883,62.55,93,20,7.0
319,Le Vauclin,MQ,2021-07-27 00:50:06,14.5452,-60.8388,80.65,78,20,4.61
320,Whitehorse,CA,2021-07-27 00:48:29,60.7161,-135.0538,52.57,93,90,8.01
321,Zheleznodorozhnyy,RU,2021-07-27 00:50:06,55.7503,38.0042,65.35,65,0,2.55
322,Tubuala,PA,2021-07-27 00:50:07,9.5167,-79.0333,79.34,85,100,6.24
323,Kidal,ML,2021-07-27 00:50:07,18.4411,1.4078,89.26,32,75,7.99
324,Muroto,JP,2021-07-27 00:50:08,33.2833,134.15,87.84,70,9,5.32
325,Longyearbyen,SJ,2021-07-27 00:50:08,78.2186,15.6401,43.41,85,100,1.86
326,Tahta,EG,2021-07-27 00:50:08,26.7693,31.5021,80.92,26,0,5.86
327,Greytown,ZA,2021-07-27 00:50:09,-29.0642,30.5928,41.72,45,1,4.54
328,Boffa,GN,2021-07-27 00:50:09,10.1667,-14.0333,74.75,94,62,1.9
329,Alice Springs,AU,2021-07-27 00:48:07,-23.7,133.8833,72.95,14,0,21.85
330,Shamary,RU,2021-07-27 00:50:10,57.3434,58.2199,50.38,92,40,7.76
331,Mandali,IQ,2021-07-27 00:50:10,33.7499,45.5541,101.17,13,5,14.76
332,Margate,GB,2021-07-27 00:50:10,51.3813,1.3862,64.04,92,100,1.99
333,Isangel,VU,2021-07-27 00:50:11,-19.55,169.2667,78.91,65,75,5.75
334,Brandfort,ZA,2021-07-27 00:50:11,-28.7001,26.4597,26.01,46,0,6.58
335,Sorland,NO,2021-07-27 00:50:12,67.667,12.6934,52.77,94,26,12.28
336,Mujiayingzi,CN,2021-07-27 00:50:12,42.1167,118.7833,71.47,80,100,1.95
337,Finschhafen,PG,2021-07-27 00:50:12,-6.6024,147.8681,77.68,91,100,5.44
338,Meulaboh,ID,2021-07-27 00:50:13,4.1363,96.1285,78.67,81,47,3.74
339,Brewster,US,2021-07-27 00:50:13,41.3973,-73.6171,80.15,83,75,4.61
340,Severo-Kurilsk,RU,2021-07-27 00:50:13,50.6789,156.125,60.42,86,93,7.45
341,Berlevag,NO,2021-07-27 00:50:14,70.8578,29.0864,46.2,86,44,2.44
342,Vostok,RU,2021-07-27 00:50:14,46.4856,135.8833,83.35,63,100,3.42
343,Dunedin,NZ,2021-07-27 00:50:15,-45.8742,170.5036,51.46,62,3,10.0
344,Bambanglipuro,ID,2021-07-27 00:50:15,-7.95,110.2833,77.38,76,99,3.67
345,Puerto Maldonado,PE,2021-07-27 00:50:15,-12.6,-69.1833,77.41,61,8,1.97
346,Hualmay,PE,2021-07-27 00:50:16,-11.0964,-77.6139,64.17,87,40,8.32
347,Kruisfontein,ZA,2021-07-27 00:50:16,-34.0033,24.7314,67.89,28,11,16.26
348,Havre-Saint-Pierre,CA,2021-07-27 00:50:17,50.2334,-63.5986,62.96,94,1,0.0
349,Uglegorsk,RU,2021-07-27 00:50:17,49.0833,142.0333,74.34,74,100,6.89
350,Inta,RU,2021-07-27 00:50:17,66.0317,60.1659,44.1,94,100,6.8
351,Carahue,CL,2021-07-27 00:50:18,-38.7,-73.1667,37.6,94,9,1.14
352,Buenaventura,CO,2021-07-27 00:50:18,3.8801,-77.0312,74.79,93,100,2.04
353,Bakersfield,US,2021-07-27 00:50:18,35.3733,-119.0187,94.53,42,75,6.91
354,Jalu,LY,2021-07-27 00:49:18,29.0331,21.5482,79.0,49,0,8.01
355,Sawakin,SD,2021-07-27 00:50:19,19.1059,37.3321,90.36,52,37,3.38
356,Soma,TR,2021-07-27 00:50:19,39.1855,27.6094,66.13,80,0,7.38
357,Prata,BR,2021-07-27 00:50:20,-19.3072,-48.9242,64.65,41,0,6.06
358,Matara,LK,2021-07-27 00:50:20,5.9485,80.5353,79.0,89,100,10.98
359,Poum,NC,2021-07-27 00:50:21,-20.2333,164.0167,71.83,65,100,8.12
360,Udachnyy,RU,2021-07-27 00:50:21,66.4167,112.4,82.6,42,53,6.2
361,Inuvik,CA,2021-07-27 00:50:21,68.3499,-133.7218,63.36,82,75,3.44
362,Cervo,ES,2021-07-27 00:50:22,43.6702,-7.4101,63.97,87,3,5.93
363,Rognan,NO,2021-07-27 00:50:22,67.0953,15.3878,58.87,68,11,5.32
364,Burgeo,CA,2021-07-27 00:50:23,47.6167,-57.6152,60.3,97,100,11.54
365,Cullman,US,2021-07-27 00:49:36,34.1748,-86.8436,83.32,87,1,0.0
366,Alta Floresta,BR,2021-07-27 00:49:05,-9.8756,-56.0861,74.98,44,5,3.29
367,Kolosovka,RU,2021-07-27 00:50:23,56.4678,73.611,55.99,72,100,7.16
368,Kilindoni,TZ,2021-07-27 00:50:24,-7.9139,39.6668,75.22,70,43,18.41
369,Roald,NO,2021-07-27 00:50:24,62.5833,6.1333,67.08,100,99,5.75
370,Oranjemund,NA,2021-07-27 00:50:24,-28.55,16.4333,58.6,66,0,7.34
371,Vanimo,PG,2021-07-27 00:50:25,-2.6741,141.3028,84.9,64,77,5.03
372,Godfrey,US,2021-07-27 00:50:26,38.9556,-90.1868,87.53,81,0,6.33
373,Ottumwa,US,2021-07-27 00:46:21,41.02,-92.4113,84.88,65,1,0.0
374,Veraval,IN,2021-07-27 00:50:26,20.9,70.3667,81.5,87,100,20.85
375,Port Hedland,AU,2021-07-27 00:50:27,-20.3167,118.5667,73.45,64,79,13.8
376,Anton Lizardo,MX,2021-07-27 00:50:27,19.05,-95.9833,86.22,75,4,5.86
377,Nchelenge,ZM,2021-07-27 00:50:27,-9.3451,28.734,59.02,53,98,6.26
378,Mount Gambier,AU,2021-07-27 00:50:28,-37.8333,140.7667,51.71,66,100,17.27
379,Naron,ES,2021-07-27 00:50:28,43.5167,-8.1528,64.6,94,7,4.05
380,Sao Joao Da Barra,BR,2021-07-27 00:50:29,-21.6403,-41.0511,71.31,82,0,16.44
381,Pasir Gudang,MY,2021-07-27 00:50:29,1.4584,103.8805,86.97,76,20,2.3
382,Sangueya,GN,2021-07-27 00:50:29,10.7,-14.3667,74.52,95,97,2.8
383,Lamar,US,2021-07-27 00:50:30,33.6668,-95.5836,93.36,63,27,2.1
384,Ulaanbaatar,MN,2021-07-27 00:48:15,47.9077,106.8832,62.73,67,0,4.47
385,Tilichiki,RU,2021-07-27 00:50:30,60.4667,166.1,54.21,99,100,4.21
386,Zima,RU,2021-07-27 00:50:31,53.9202,102.0442,69.94,54,7,11.23
387,Byron Bay,AU,2021-07-27 00:46:51,-28.65,153.6167,69.06,45,0,1.14
388,San Andres,CO,2021-07-27 00:50:31,12.5847,-81.7006,82.42,83,75,6.91
389,Mwene-Ditu,CD,2021-07-27 00:50:32,-7.0,23.45,60.03,41,99,4.81
390,Conceicao Do Araguaia,BR,2021-07-27 00:50:32,-8.2578,-49.2647,72.79,46,13,3.62
391,Mahibadhoo,MV,2021-07-27 00:48:54,3.7833,72.9667,82.24,73,76,9.44
392,Villa Carlos Paz,AR,2021-07-27 00:49:26,-31.4241,-64.4978,47.48,58,6,4.0
393,Rexburg,US,2021-07-27 00:50:33,43.826,-111.7897,94.26,10,1,3.44
394,Beloha,MG,2021-07-27 00:50:33,-25.1667,45.05,60.8,76,82,15.23
395,Yuxia,CN,2021-07-27 00:50:34,34.0615,108.6291,74.01,57,98,3.78
396,Praia Da Vitoria,PT,2021-07-27 00:50:34,38.7333,-27.0667,74.75,88,75,9.35
397,Pisco,PE,2021-07-27 00:50:35,-13.7,-76.2167,65.01,82,0,14.97
398,Nieuwpoort,BE,2021-07-27 00:50:35,51.1244,2.7735,60.03,94,75,5.75
399,Matamoros,MX,2021-07-27 00:48:05,25.5333,-103.25,96.91,19,20,0.0
400,Mola Di Bari,IT,2021-07-27 00:50:35,41.0609,17.0873,81.91,55,4,4.88
401,Kizema,RU,2021-07-27 00:50:36,61.113,44.8302,41.38,95,4,4.54
402,Verkhoyansk,RU,2021-07-27 00:50:36,67.5447,133.385,62.78,61,68,13.78
403,Elat,IL,2021-07-27 00:50:37,29.5581,34.9482,89.44,43,0,13.8
404,Constitucion,CL,2021-07-27 00:50:37,-35.3333,-72.4167,45.03,69,0,12.39
405,Santa Cruz,BO,2021-07-27 00:48:56,-17.8,-63.1667,78.26,65,20,13.8
406,Vila,PT,2021-07-27 00:50:38,42.0304,-8.1588,57.74,89,64,2.46
407,Olga,RU,2021-07-27 00:50:38,43.7444,135.2892,81.84,69,50,2.93
408,Luganville,VU,2021-07-27 00:50:38,-15.5333,167.1667,79.39,84,100,11.43
409,Ambilobe,MG,2021-07-27 00:50:39,-13.2,49.05,69.3,66,92,3.49
410,Marau,BR,2021-07-27 00:50:39,-28.4492,-52.2,61.95,96,100,3.58
411,Linping,CN,2021-07-27 00:50:39,30.4225,120.2972,80.55,93,100,16.64
412,Starovelichkovskaya,RU,2021-07-27 00:50:40,45.4288,38.7326,78.15,39,100,9.19
413,Anzio,IT,2021-07-27 00:50:40,41.4853,12.6179,82.11,49,22,1.28
414,Rosamorada,MX,2021-07-27 00:46:09,22.1222,-105.2058,84.58,76,32,6.11
415,Kijang,KR,2021-07-27 00:50:41,35.2442,129.2139,85.73,71,0,11.54
416,Morwell,AU,2021-07-27 00:50:41,-38.2333,146.4,63.91,69,0,7.72
417,Bucerias,MX,2021-07-27 00:46:38,20.75,-105.3333,87.78,70,20,8.05
418,Mariinskiy Posad,RU,2021-07-27 00:50:42,56.115,47.718,59.94,66,75,7.36
419,Jega,NG,2021-07-27 00:50:42,12.2175,4.3792,78.53,78,100,12.12
420,Portland,US,2021-07-27 00:49:32,45.5234,-122.6762,91.56,41,40,3.0
421,Miracema Do Tocantins,BR,2021-07-27 00:50:43,-9.5618,-48.3967,73.63,40,0,3.42
422,Vung Tau,VN,2021-07-27 00:50:43,10.346,107.0843,82.09,77,14,17.81
423,Mancio Lima,BR,2021-07-27 00:50:44,-7.6142,-72.8958,76.14,70,0,0.83
424,Eugene,US,2021-07-27 00:50:44,44.0521,-123.0867,91.26,30,75,1.99
425,Port Moresby,PG,2021-07-27 00:50:44,-9.4431,147.1797,81.82,69,75,11.5
426,Shahrud,IR,2021-07-27 00:50:45,36.4182,54.9763,75.38,45,7,6.98
427,Saint-Francois,FR,2021-07-27 00:50:45,46.4154,3.9054,61.41,94,0,2.3
428,Yantal,RU,2021-07-27 00:50:45,56.8471,105.2542,76.73,41,8,3.4
429,Kahta,TR,2021-07-27 00:50:46,37.7855,38.6237,78.17,33,0,5.3
430,Arraias,BR,2021-07-27 00:50:46,-12.9288,-46.9437,67.41,40,0,4.23
431,Nurota,UZ,2021-07-27 00:50:47,40.5614,65.6886,80.69,26,0,16.13
432,Husavik,IS,2021-07-27 00:45:59,66.0449,-17.3389,49.91,81,89,2.17
433,Kudahuvadhoo,MV,2021-07-27 00:50:47,2.6708,72.8944,81.66,73,100,6.35
434,Sur,OM,2021-07-27 00:46:00,22.5667,59.5289,90.64,53,50,13.87
435,Koltsovo,RU,2021-07-27 00:50:48,54.9376,83.1825,55.81,82,65,3.0
436,Yima,CN,2021-07-27 00:50:48,34.7381,111.8839,79.56,68,44,5.57
437,Berezovyy,RU,2021-07-27 00:50:49,51.6667,135.7,68.81,95,100,3.02
438,Shenandoah,US,2021-07-27 00:50:49,30.4013,-91.0009,84.09,90,100,2.89
439,Fianarantsoa,MG,2021-07-27 00:50:49,-21.4333,47.0833,45.1,94,57,2.62
440,Ust-Tsilma,RU,2021-07-27 00:50:50,65.441,52.1498,42.82,94,100,9.91
441,Monroe,US,2021-07-27 00:50:50,43.1501,-77.6831,78.96,75,75,6.98
442,Singaraja,ID,2021-07-27 00:50:51,-8.112,115.0882,81.68,59,7,0.96
443,Kosh-Agach,RU,2021-07-27 00:50:51,50.0,88.6667,58.82,63,0,2.98
444,Strai,NO,2021-07-27 00:50:51,58.2,7.9,63.63,70,20,1.01
445,Catuday,PH,2021-07-27 00:50:52,16.2923,119.8062,82.0,82,100,21.12
446,Cap Malheureux,MU,2021-07-27 00:50:52,-19.9842,57.6142,68.49,87,91,7.0
447,Azare,NG,2021-07-27 00:50:53,11.6765,10.1948,71.91,94,100,11.03
448,Wang Saphung,TH,2021-07-27 00:50:53,17.301,101.7685,77.02,94,75,0.0
449,Komsomolskiy,UZ,2021-07-27 00:50:53,40.4272,71.7189,84.92,26,1,2.3
450,Sivas,TR,2021-07-27 00:50:54,39.7916,37.0019,59.94,86,70,4.18
451,Boldumsaz,TM,2021-07-27 00:50:54,42.1282,59.671,75.25,30,0,8.34
452,Taga,RO,2021-07-27 00:50:55,46.95,24.05,68.32,77,99,2.44
453,Pavlodar,KZ,2021-07-27 00:50:55,52.3,76.95,57.0,67,0,4.47
454,Hay River,CA,2021-07-27 00:50:56,60.8156,-115.7999,73.38,56,75,4.61
455,Vezirkopru,TR,2021-07-27 00:50:56,41.1436,35.4547,61.29,88,49,2.46
456,Cuenca,EC,2021-07-27 00:50:56,-2.8833,-78.9833,60.93,63,75,9.22
457,Batagay,RU,2021-07-27 00:50:57,67.6333,134.6333,57.38,78,98,11.88
458,Kochevo,RU,2021-07-27 00:50:57,59.5994,54.3125,53.13,96,88,9.98
459,Bilma,NE,2021-07-27 00:50:58,18.6853,12.9164,91.09,39,86,6.82
460,Tayu,ID,2021-07-27 00:50:58,-6.5397,111.0518,77.72,69,6,7.52
461,Shache,CN,2021-07-27 00:50:58,38.4167,77.2406,88.45,27,100,2.13
462,Ahipara,NZ,2021-07-27 00:50:59,-35.1667,173.1667,58.51,66,0,17.05
463,Tata,PK,2021-07-27 00:50:59,24.7475,67.9235,82.72,80,100,19.66
464,Broken Hill,AU,2021-07-27 00:51:00,-31.95,141.4333,60.51,33,7,21.85
465,Toucheng,TW,2021-07-27 00:51:00,24.8592,121.8233,91.35,66,98,1.57
466,Roma,US,2021-07-27 00:47:17,43.2128,-75.4557,74.95,83,4,2.8
467,Skjervoy,NO,2021-07-27 00:51:01,70.0311,20.9714,49.6,96,80,1.83
468,Shenjiamen,CN,2021-07-27 00:51:01,29.9576,122.298,79.0,90,100,29.97
469,Rabo De Peixe,PT,2021-07-27 00:51:01,37.8,-25.5833,69.31,88,75,8.05
470,Serenje,ZM,2021-07-27 00:51:02,-13.2325,30.2352,43.47,86,99,6.02
471,Belmonte,BR,2021-07-27 00:51:02,-15.8631,-38.8828,68.5,84,1,3.76
472,Polur,IN,2021-07-27 00:51:03,12.5,79.1333,78.01,74,100,5.91
473,Sao Benedito Do Rio Preto,BR,2021-07-27 00:51:03,-3.3336,-43.5283,72.36,86,11,3.38
474,Grand Gaube,MU,2021-07-27 00:51:03,-20.0064,57.6608,68.4,87,94,7.0
475,Clyde River,CA,2021-07-27 00:51:04,70.4692,-68.5914,39.43,100,40,3.44
476,Griffith,US,2021-07-27 00:51:04,41.5284,-87.4237,89.53,54,1,5.75
477,Save,BJ,2021-07-27 00:51:05,8.0425,2.486,72.88,78,100,7.14
478,Sumisip,PH,2021-07-27 00:51:05,6.4197,121.9714,84.11,78,30,10.94
479,Balabac,PH,2021-07-27 00:51:05,7.9868,117.0645,85.84,73,70,15.37
480,Angoche,MZ,2021-07-27 00:51:06,-16.2325,39.9086,66.29,82,0,10.02
481,Nipawin,CA,2021-07-27 00:47:02,53.3668,-104.0009,78.84,34,75,3.44
482,Hami,CN,2021-07-27 00:51:06,42.8,93.45,86.72,19,0,13.98
483,Ust-Maya,RU,2021-07-27 00:51:07,60.4167,134.5333,80.28,51,5,9.08
484,Wum,CM,2021-07-27 00:51:07,6.3833,10.0667,61.29,96,100,3.47
485,Sheltozero,RU,2021-07-27 00:51:07,61.3667,35.3667,59.85,90,78,1.32
486,Amapa,BR,2021-07-27 00:51:08,1.0,-52.0,71.35,96,98,2.66
487,Codrington,AU,2021-07-27 00:51:08,-38.2667,141.9667,53.91,65,100,19.8
488,Terra Rica,BR,2021-07-27 00:51:09,-22.7094,-52.6169,70.52,37,5,2.66
489,Boddam,GB,2021-07-27 00:51:09,57.4667,-1.7833,61.12,94,100,1.79
490,Raudeberg,NO,2021-07-27 00:51:10,61.9875,5.1352,66.87,77,100,7.67
491,Xining,CN,2021-07-27 00:51:10,36.6167,101.7667,58.14,79,92,2.48
492,Vanderhoof,CA,2021-07-27 00:51:10,54.0166,-124.0198,70.83,42,51,5.14
493,Osypenko,UA,2021-07-27 00:51:11,46.9136,36.8253,71.71,53,23,10.76
494,Taoudenni,ML,2021-07-27 00:51:11,22.6783,-3.9836,100.35,8,0,8.43
495,Diffa,NE,2021-07-27 00:51:12,13.3154,12.6113,75.38,85,68,9.66
496,Sept-Iles,CA,2021-07-27 00:49:59,50.2001,-66.3821,64.06,93,90,1.99
497,Maroantsetra,MG,2021-07-27 00:51:12,-15.4333,49.7333,67.48,89,97,9.8
498,Marsa Matruh,EG,2021-07-27 00:51:13,31.3525,27.2453,79.0,73,40,9.22
499,Kaseda,JP,2021-07-27 00:51:13,31.4167,130.3167,83.43,65,0,1.92
500,Yeppoon,AU,2021-07-27 00:51:13,-23.1333,150.7333,69.58,65,13,7.99
501,Mairana,BO,2021-07-27 00:51:14,-18.1167,-63.9333,52.11,92,4,2.48
502,Qaqortoq,GL,2021-07-27 00:51:14,60.7167,-46.0333,50.43,81,67,2.82
503,Muros,ES,2021-07-27 00:51:14,42.7762,-9.0603,63.23,88,5,5.61
504,San Rafael,AR,2021-07-27 00:51:15,-34.6177,-68.3301,43.65,46,31,6.53
505,Eyl,SO,2021-07-27 00:51:15,7.9803,49.8164,78.49,54,54,20.83
506,Santa Maria,BR,2021-07-27 00:50:04,-29.6842,-53.8069,63.7,100,90,3.44
507,Changli,CN,2021-07-27 00:51:16,39.7042,119.1506,82.99,72,31,4.56
508,Puerto Carreno,CO,2021-07-27 00:49:11,6.189,-67.4859,74.25,88,100,4.07
509,Le Port,RE,2021-07-27 00:51:17,-20.9373,55.2919,64.4,70,6,4.61
510,Tateyama,JP,2021-07-27 00:51:17,34.9833,139.8667,78.1,83,75,17.27
511,Taldan,RU,2021-07-27 00:51:17,53.6667,124.8,72.81,60,100,4.83
512,Farsund,NO,2021-07-27 00:51:18,58.0948,6.8047,64.94,89,100,12.33
513,Okhotsk,RU,2021-07-27 00:51:18,59.3833,143.3,69.06,70,10,8.59
514,Boyolangu,ID,2021-07-27 00:51:19,-8.1181,111.8935,77.85,77,67,3.27
515,Adrar,MR,2021-07-27 00:51:02,20.5022,-10.0711,89.83,24,0,15.86
516,Baiao,BR,2021-07-27 00:51:19,-2.7906,-49.6717,80.13,59,100,2.08
517,North Myrtle Beach,US,2021-07-27 00:51:20,33.816,-78.68,83.21,88,1,1.01
518,Guadalupe Y Calvo,MX,2021-07-27 00:51:20,26.1,-106.9667,57.15,90,100,2.19
519,Szprotawa,PL,2021-07-27 00:51:21,51.5656,15.5366,64.33,91,23,4.52
520,Ust-Kuyga,RU,2021-07-27 00:51:21,70.0167,135.6,56.73,52,0,17.9
521,Pangnirtung,CA,2021-07-27 00:51:21,66.1451,-65.7125,52.16,92,58,2.01
522,Gimli,CA,2021-07-27 00:51:22,50.6336,-96.9907,78.44,64,1,11.5
523,Labuhan,ID,2021-07-27 00:51:22,-6.8844,112.2051,78.08,72,12,5.48
524,Kawalu,ID,2021-07-27 00:51:23,-7.3817,108.2082,75.92,74,47,0.47
525,Shingu,JP,2021-07-27 00:51:23,33.7333,135.9833,85.19,57,100,0.13
526,Pangody,RU,2021-07-27 00:48:03,65.85,74.4859,50.5,72,100,10.42
527,Urucui,BR,2021-07-27 00:51:24,-7.2294,-44.5561,76.01,47,6,4.54
528,Kaka,TM,2021-07-27 00:51:24,37.3482,59.6143,85.95,30,0,8.99
529,Manado,ID,2021-07-27 00:48:50,1.487,124.8455,86.77,66,20,2.3
530,Bentiu,SS,2021-07-27 00:51:25,9.2333,29.8333,69.35,94,100,2.59
531,Ondjiva,AO,2021-07-27 00:51:25,-17.0667,15.7333,51.64,43,5,8.03
532,Altagracia De Orituco,VE,2021-07-27 00:51:26,9.8601,-66.3814,72.57,97,100,2.75
533,Inhambane,MZ,2021-07-27 00:51:26,-23.865,35.3833,63.97,68,5,8.25
534,Ikwiriri,TZ,2021-07-27 00:51:27,-7.9562,38.9716,64.0,86,10,1.34
535,Monrovia,LR,2021-07-27 00:51:27,6.3005,-10.7969,76.05,86,100,13.35
536,Maple Creek,CA,2021-07-27 00:51:27,49.9168,-109.4848,87.57,23,32,1.14
537,Rawah,IQ,2021-07-27 00:51:28,34.4816,41.9093,94.1,23,0,9.06
538,Luau,AO,2021-07-27 00:51:28,-10.7073,22.2247,57.4,39,93,6.46
539,Walvis Bay,NA,2021-07-27 00:51:29,-22.9575,14.5053,72.55,21,0,17.27
540,Puerto Leguizamo,CO,2021-07-27 00:51:29,-0.1934,-74.7819,72.05,96,58,1.32
541,Houma,US,2021-07-27 00:46:32,29.5958,-90.7195,89.6,82,87,1.01
542,Port Blair,IN,2021-07-27 00:51:30,11.6667,92.75,82.87,84,100,19.98
543,Tucuman,AR,2021-07-27 00:51:30,-26.8241,-65.2226,59.0,51,75,5.75
544,Comodoro Rivadavia,AR,2021-07-27 00:51:30,-45.8667,-67.5,46.26,57,0,12.66
545,Necochea,AR,2021-07-27 00:51:31,-38.5473,-58.7368,40.03,71,86,20.56
546,Plettenberg Bay,ZA,2021-07-27 00:51:31,-34.0527,23.3716,69.22,32,99,20.6
547,Ilulissat,GL,2021-07-27 00:51:31,69.2167,-51.1,46.51,91,100,9.8
548,Kutum,SD,2021-07-27 00:51:32,14.2,24.6667,64.96,89,100,4.92
